precipitation_sum (mm),rain_sum (mm),snowfall_sum (cm),precipitation_hours (h),weather_code (wmo code),temperature_2m_mean (°C),wind_speed_10m_max (km/h),date,minimum_traffic_index,maximum_traffic_index,average_traffic_index
8.4,8.4,0.0,11.0,63,23.9,17.5,2022-09-01,1,69,32.041666666666664
0.2,0.2,0.0,2.0,51,25.3,20.1,2022-09-02,1,71,33.107638888888886
0.1,0.1,0.0,1.0,51,23.5,20.9,2022-09-03,1,56,29.277777777777775
0.7,0.7,0.0,6.0,51,22.2,26.8,2022-09-04,1,47,23.59923664122137
0.2,0.2,0.0,2.0,51,20.9,32.3,2022-09-05,1,69,32.35069444444444
0.8,0.8,0.0,5.0,51,20.6,32.6,2022-09-06,1,71,32.81597222222222
0.0,0.0,0.0,0.0,2,21.0,30.9,2022-09-07,1,71,33.28472222222222
0.0,0.0,0.0,0.0,0,20.8,22.9,2022-09-08,1,72,34.21602787456445
0.0,0.0,0.0,0.0,0,21.3,15.4,2022-09-09,1,71,34.5993031358885
0.0,0.0,0.0,0.0,0,22.0,8.9,2022-09-10,1,60,32.06643356643357
0.0,0.0,0.0,0.0,1,23.0,17.4,2022-09-11,1,47,23.206293706293703
2.4,2.4,0.0,3.0,61,20.4,28.8,2022-09-12,1,62,29.125
1.2,1.2,0.0,7.0,51,19.0,20.0,2022-09-13,1,67,30.965277777777775
0.0,0.0,0.0,0.0,3,19.7,10.4,2022-09-14,1,69,32.062717770034844
0.0,0.0,0.0,0.0,3,21.6,20.9,2022-09-15,1,71,32.79442508710801
0.0,0.0,0.0,0.0,3,24.2,16.9,2022-09-16,1,72,34.135416666666664
0.0,0.0,0.0,0.0,3,24.3,15.3,2022-09-17,1,58,30.86411149825784
10.6,10.6,0.0,5.0,63,21.9,25.6,2022-09-18,1,51,21.04513888888889
0.0,0.0,0.0,0.0,3,18.8,20.2,2022-09-19,1,65,30.26736111111111
0.0,0.0,0.0,0.0,1,17.1,26.0,2022-09-20,1,69,32.326388888888886
0.9,0.9,0.0,3.0,51,17.0,21.9,2022-09-21,1,71,33.46875
13.2,13.2,0.0,20.0,61,14.0,26.8,2022-09-22,8,80,40.09375
1.1,1.1,0.0,3.0,53,13.9,18.0,2022-09-23,4,71,34.545138888888886
0.0,0.0,0.0,0.0,2,15.4,15.1,2022-09-24,1,63,31.086805555555557
0.0,0.0,0.0,0.0,2,16.7,11.8,2022-09-25,1,54,24.041811846689892
0.0,0.0,0.0,0.0,3,17.6,17.0,2022-09-26,1,65,28.515679442508713
2.2,2.2,0.0,1.0,61,20.1,33.4,2022-09-27,1,69,31.937716262975776
3.9,3.9,0.0,7.0,61,21.7,28.5,2022-09-28,1,69,31.435540069686407
0.0,0.0,0.0,0.0,0,22.4,20.1,2022-09-29,1,74,32.91901408450704
0.0,0.0,0.0,0.0,2,22.4,13.8,2022-09-30,1,72,34.27777777777778
0.0,0.0,0.0,0.0,3,22.2,11.5,2022-10-01,1,63,32.11458333333333
5.0,5.0,0.0,5.0,63,21.5,30.3,2022-10-02,1,49,22.902777777777775
0.0,0.0,0.0,0.0,3,18.2,14.2,2022-10-03,1,74,31.277777777777775
0.2,0.2,0.0,2.0,51,16.6,18.9,2022-10-04,1,72,33.2536231884058
0.0,0.0,0.0,0.0,2,16.1,23.6,2022-10-05,2,72,34.686619718309856
0.1,0.1,0.0,1.0,51,17.1,30.8,2022-10-06,1,76,34.65925925925926
1.6,1.6,0.0,8.0,51,17.8,32.9,2022-10-07,1,72,35.10074626865672
5.6,5.6,0.0,9.0,63,18.0,25.8,2022-10-08,1,63,30.927007299270077
0.0,0.0,0.0,0.0,3,17.0,14.5,2022-10-09,1,53,21.97003745318352
0.0,0.0,0.0,0.0,3,17.2,23.3,2022-10-10,1,63,28.57560975609756
0.0,0.0,0.0,0.0,3,17.2,25.4,2022-10-11,1,72,32.00361010830325
0.5,0.5,0.0,4.0,51,16.8,24.5,2022-10-12,4,74,43.80829015544042
0.1,0.1,0.0,1.0,51,17.4,24.2,2022-10-13,1,76,34.01060070671378
1.6,1.6,0.0,7.0,53,17.0,31.4,2022-10-14,1,74,34.86379928315412
10.0,10.0,0.0,22.0,61,16.1,32.4,2022-10-15,9,74,41.35664335664336
0.6,0.6,0.0,5.0,51,16.4,33.2,2022-10-16,1,49,20.319444444444443
0.4,0.4,0.0,3.0,51,16.5,32.3,2022-10-17,1,69,28.725694444444443
0.2,0.2,0.0,2.0,51,16.7,29.1,2022-10-18,1,78,32.839285714285715
0.0,0.0,0.0,0.0,3,16.2,16.6,2022-10-19,1,71,33.84375
0.4,0.4,0.0,4.0,51,13.7,27.6,2022-10-20,1,78,32.888888888888886
0.0,0.0,0.0,0.0,1,12.6,21.2,2022-10-21,1,76,32.158490566037734
0.0,0.0,0.0,0.0,1,11.8,11.6,2022-10-22,1,65,32.81338028169014
0.0,0.0,0.0,0.0,3,14.9,22.0,2022-10-23,1,56,23.49647887323944
0.0,0.0,0.0,0.0,2,15.3,9.4,2022-10-24,1,71,30.017421602787454
0.0,0.0,0.0,0.0,3,15.3,11.5,2022-10-25,1,72,30.89641434262948
0.0,0.0,0.0,0.0,3,15.9,19.2,2022-10-26,1,74,30.62551440329218
0.0,0.0,0.0,0.0,3,15.5,19.1,2022-10-27,1,78,36.385416666666664
0.0,0.0,0.0,0.0,1,15.5,26.0,2022-10-28,2,71,35.97142857142857
0.0,0.0,0.0,0.0,2,14.0,23.9,2022-10-29,1,54,26.73790322580645
0.0,0.0,0.0,0.0,0,13.3,14.2,2022-10-30,1,53,22.174825174825173
2.0,2.0,0.0,2.0,55,13.7,17.1,2022-10-31,1,69,28.46341463414634
0.0,0.0,0.0,0.0,3,14.0,14.5,2022-11-01,1,72,33.77894736842105
0.0,0.0,0.0,0.0,0,13.1,13.3,2022-11-02,1,72,33.361111111111114
0.0,0.0,0.0,0.0,3,14.9,19.6,2022-11-03,1,72,31.770833333333332
0.0,0.0,0.0,0.0,3,15.0,14.2,2022-11-04,1,74,32.726950354609926
0.0,0.0,0.0,0.0,3,16.8,11.1,2022-11-05,1,69,30.888111888111887
0.0,0.0,0.0,0.0,3,16.8,17.1,2022-11-06,1,54,22.891986062717766
0.1,0.1,0.0,1.0,51,14.5,27.4,2022-11-07,1,72,30.729824561403507
0.0,0.0,0.0,0.0,3,12.2,17.9,2022-11-08,1,76,33.33916083916084
0.0,0.0,0.0,0.0,3,11.6,16.3,2022-11-09,1,80,43.42290748898679
0.0,0.0,0.0,0.0,0,11.2,17.1,2022-11-10,1,76,34.673611111111114
0.0,0.0,0.0,0.0,3,12.0,17.7,2022-11-11,1,78,35.22569444444444
0.0,0.0,0.0,0.0,3,14.3,27.0,2022-11-12,1,65,32.390243902439025
0.0,0.0,0.0,0.0,3,13.9,21.0,2022-11-13,1,62,24.992982456140354
0.0,0.0,0.0,0.0,3,12.5,22.5,2022-11-14,1,72,31.622377622377623
0.0,0.0,0.0,0.0,3,12.5,17.7,2022-11-15,1,81,33.964285714285715
0.0,0.0,0.0,0.0,3,11.7,23.0,2022-11-16,1,80,35.85069444444444
3.3,3.3,0.0,6.0,61,16.0,35.8,2022-11-17,1,90,40.0383275261324
10.3,10.3,0.0,7.0,63,17.7,33.5,2022-11-18,1,76,33.66319444444444
0.0,0.0,0.0,0.0,3,19.2,35.7,2022-11-19,1,65,31.42013888888889
0.0,0.0,0.0,0.0,3,19.7,27.9,2022-11-20,1,54,21.48771929824561
0.6,0.6,0.0,2.0,53,18.9,39.6,2022-11-21,1,74,38.574297188755025
17.0,17.0,0.0,7.0,63,12.9,31.1,2022-11-22,4,76,35.72222222222222
3.6,3.6,0.0,7.0,55,14.4,30.6,2022-11-23,1,90,37.21254355400697
0.3,0.3,0.0,2.0,51,12.4,9.7,2022-11-24,1,80,36.9757785467128
1.2,1.2,0.0,5.0,53,10.3,22.0,2022-11-25,2,72,34.63103448275862
0.1,0.1,0.0,1.0,51,8.8,21.0,2022-11-26,4,63,32.161403508771926
0.0,0.0,0.0,0.0,3,8.3,19.0,2022-11-27,1,51,20.653846153846157
0.0,0.0,0.0,0.0,3,9.9,25.5,2022-11-28,1,67,28.365853658536583
0.0,0.0,0.0,0.0,3,11.4,14.2,2022-11-29,1,78,34.40625
0.1,0.1,0.0,1.0,51,12.8,26.0,2022-11-30,6,74,35.42214532871972
0.8,0.8,0.0,6.0,51,13.0,24.2,2022-12-01,6,90,40.27112676056338
6.9,6.9,0.0,11.0,63,10.7,18.9,2022-12-02,1,78,39.89310344827586
0.0,0.0,0.0,0.0,3,10.7,20.7,2022-12-03,1,69,31.567474048442904
0.0,0.0,0.0,0.0,3,10.3,23.4,2022-12-04,1,56,21.94055944055944
0.2,0.2,0.0,1.0,51,10.4,17.9,2022-12-05,1,72,32.52430555555556
0.1,0.1,0.0,1.0,51,10.4,16.1,2022-12-06,1,74,34.52961672473868
0.1,0.1,0.0,1.0,51,8.9,15.0,2022-12-07,1,78,33.285714285714285
0.0,0.0,0.0,0.0,3,10.2,12.5,2022-12-08,1,80,34.60344827586207
0.3,0.3,0.0,1.0,51,13.2,19.9,2022-12-09,1,72,33.390243902439025
1.5,1.5,0.0,5.0,51,14.6,27.7,2022-12-10,1,63,30.118055555555557
0.1,0.1,0.0,1.0,51,16.0,43.6,2022-12-11,1,56,19.693379790940767
3.7,3.7,0.0,5.0,63,14.2,31.8,2022-12-12,4,72,32.5191637630662
14.5,14.5,0.0,11.0,63,8.5,29.2,2022-12-13,1,78,39.96875
0.0,0.0,0.0,0.0,3,8.0,22.8,2022-12-14,1,80,32.77430555555556
12.2,12.2,0.0,8.0,63,11.8,26.0,2022-12-15,1,81,36.0625
1.5,1.5,0.0,3.0,53,14.1,18.4,2022-12-16,1,78,33.92708333333333
0.0,0.0,0.0,0.0,3,14.5,16.5,2022-12-17,1,69,32.05902777777778
0.9,0.9,0.0,4.0,51,11.7,27.9,2022-12-18,1,58,20.712230215827336
2.3,2.3,0.0,11.0,51,7.1,35.4,2022-12-19,4,76,37.29411764705882
0.0,0.0,0.0,0.0,3,6.9,32.4,2022-12-20,2,81,37.132867132867126
0.0,0.0,0.0,0.0,3,6.5,15.3,2022-12-21,1,80,35.5993031358885
0.0,0.0,0.0,0.0,0,6.9,14.0,2022-12-22,1,85,36.35294117647059
0.0,0.0,0.0,0.0,3,6.9,13.0,2022-12-23,1,80,34.11458333333333
0.0,0.0,0.0,0.0,3,7.5,17.1,2022-12-24,1,67,32.603053435114504
2.3,2.3,0.0,7.0,53,9.6,13.4,2022-12-25,4,51,23.494736842105265
0.0,0.0,0.0,0.0,3,6.8,11.2,2022-12-26,1,76,32.826388888888886
0.0,0.0,0.0,0.0,3,9.0,20.0,2022-12-27,1,83,36.75
0.8,0.8,0.0,2.0,53,8.8,20.2,2022-12-28,1,81,36.13523131672598
0.0,0.0,0.0,0.0,3,8.7,15.5,2022-12-29,1,85,37.87152777777778
0.0,0.0,0.0,0.0,3,8.2,13.8,2022-12-30,1,74,33.67708333333333
0.0,0.0,0.0,0.0,3,8.2,12.0,2022-12-31,1,44,23.129353233830845
0.0,0.0,0.0,0.0,0,7.7,11.2,2023-01-01,1,45,16.927083333333332
0.0,0.0,0.0,0.0,0,6.5,12.2,2023-01-02,1,67,26.003460207612456
0.0,0.0,0.0,0.0,3,6.7,17.6,2023-01-03,1,72,31.372822299651567
0.1,0.1,0.0,1.0,51,8.5,15.9,2023-01-04,1,83,31.975088967971526
0.0,0.0,0.0,0.0,3,9.4,13.5,2023-01-05,1,72,31.25
4.0,4.0,0.0,8.0,61,9.6,19.5,2023-01-06,1,72,32.53125
0.0,0.0,0.0,0.0,3,7.3,7.8,2023-01-07,1,62,27.4375
0.0,0.0,0.0,0.0,3,6.2,12.4,2023-01-08,1,47,16.75
0.0,0.0,0.0,0.0,3,6.5,20.4,2023-01-09,1,69,29.256944444444443
0.7,0.7,0.0,1.0,53,9.2,26.5,2023-01-10,1,72,31.534722222222225
1.0,1.0,0.0,8.0,51,10.4,24.5,2023-01-11,2,78,35.94444444444444
0.7,0.7,0.0,4.0,51,8.9,19.2,2023-01-12,1,76,34.982638888888886
2.6,2.6,0.0,4.0,55,9.4,20.8,2023-01-13,8,81,39.548611111111114
0.0,0.0,0.0,0.0,3,8.9,18.8,2023-01-14,1,56,26.024305555555557
0.0,0.0,0.0,0.0,3,8.5,21.0,2023-01-15,1,42,14.409722222222221
0.0,0.0,0.0,0.0,3,6.9,13.8,2023-01-16,1,67,28.180555555555557
0.0,0.0,0.0,0.0,3,12.7,36.2,2023-01-17,1,76,33.11805555555556
0.0,0.0,0.0,0.0,3,15.0,39.4,2023-01-18,1,72,33.53472222222222
0.0,0.0,0.0,0.0,3,13.9,30.5,2023-01-19,1,76,34.173611111111114
2.3,2.3,0.0,2.0,55,11.8,31.5,2023-01-20,1,90,36.529824561403515
0.0,0.0,0.0,0.0,3,11.6,27.7,2023-01-21,1,65,31.722222222222225
0.0,0.0,0.0,0.0,3,10.9,11.9,2023-01-22,1,51,20.90181818181818
0.0,0.0,0.0,0.0,3,8.8,22.2,2023-01-23,1,74,31.14236111111111
0.0,0.0,0.0,0.0,3,7.8,20.5,2023-01-24,1,80,36.979166666666664
0.2,0.2,0.0,2.0,51,6.2,25.8,2023-01-25,4,81,39.27777777777778
0.0,0.0,0.0,0.0,3,7.9,23.0,2023-01-26,1,78,35.447916666666664
9.9,9.9,0.0,11.0,63,10.0,27.2,2023-01-27,1,72,41.798283261802574
2.3,2.3,0.0,6.0,53,6.7,20.9,2023-01-28,1,74,33.99305555555556
0.1,0.1,0.0,1.0,51,4.0,23.3,2023-01-29,1,60,25.744755244755243
0.0,0.0,0.0,0.0,3,3.7,17.9,2023-01-30,1,74,36.50694444444445
0.0,0.0,0.0,0.0,3,2.5,17.9,2023-01-31,1,81,39.8974358974359
2.3,1.5,0.56,9.0,73,4.0,18.5,2023-02-01,11,81,39.871080139372815
0.1,0.1,0.0,1.0,51,7.0,28.7,2023-02-02,1,78,35.375
1.7,1.7,0.0,5.0,53,4.7,30.8,2023-02-03,6,74,34.99650349650349
3.4,3.4,0.0,9.0,53,4.4,30.8,2023-02-04,1,76,33.66197183098592
12.3,10.0,1.61,16.0,73,2.9,47.8,2023-02-05,1,45,22.5191637630662
19.8,7.9,8.33,24.0,75,2.9,49.0,2023-02-06,13,67,36.86805555555556
3.9,0.7,2.24,20.0,73,1.6,39.2,2023-02-07,9,62,29.411971830985916
2.6,1.0,1.12,15.0,73,1.4,34.7,2023-02-08,11,58,29.17832167832168
2.3,2.3,0.0,11.0,51,3.1,28.7,2023-02-09,9,76,31.232394366197184
0.5,0.5,0.0,4.0,51,3.1,22.2,2023-02-10,4,69,28.126315789473683
0.0,0.0,0.0,0.0,3,2.9,19.9,2023-02-11,1,51,20.114982578397207
0.0,0.0,0.0,0.0,3,1.8,14.4,2023-02-12,1,44,15.469964664310954
0.2,0.2,0.0,2.0,51,4.6,17.9,2023-02-13,4,76,30.73611111111111
0.0,0.0,0.0,0.0,3,3.3,13.0,2023-02-14,1,78,35.11458333333333
1.1,1.1,0.0,7.0,51,4.1,25.6,2023-02-15,1,71,32.21875
0.0,0.0,0.0,0.0,3,3.6,21.1,2023-02-16,1,74,31.347222222222225
0.0,0.0,0.0,0.0,3,6.7,24.8,2023-02-17,2,72,32.045138888888886
0.0,0.0,0.0,0.0,3,9.6,28.9,2023-02-18,2,60,27.256944444444443
0.0,0.0,0.0,0.0,3,11.2,28.1,2023-02-19,1,53,19.572916666666664
3.0,3.0,0.0,7.0,55,9.0,24.3,2023-02-20,1,74,29.399305555555557
0.0,0.0,0.0,0.0,3,9.1,22.2,2023-02-21,1,72,32.43356643356643
0.0,0.0,0.0,0.0,3,10.3,15.3,2023-02-22,1,72,31.84375
0.0,0.0,0.0,0.0,3,8.6,28.0,2023-02-23,1,71,31.802083333333332
0.0,0.0,0.0,0.0,3,7.9,24.1,2023-02-24,1,69,31.538194444444443
0.0,0.0,0.0,0.0,3,11.3,28.6,2023-02-25,1,63,30.910071942446045
0.0,0.0,0.0,0.0,3,13.6,25.5,2023-02-26,1,49,19.17013888888889
0.1,0.1,0.0,1.0,51,14.6,21.4,2023-02-27,1,63,28.42957746478873
1.8,1.8,0.0,8.0,51,9.9,24.0,2023-02-28,1,74,37.73958333333333
2.5,2.5,0.0,6.0,53,8.2,29.3,2023-03-01,4,74,36.08362369337979
0.0,0.0,0.0,0.0,3,7.5,23.7,2023-03-02,1,72,33.25694444444444
0.3,0.3,0.0,3.0,51,7.8,19.9,2023-03-03,1,71,30.944444444444443
0.5,0.5,0.0,2.0,51,8.5,11.9,2023-03-04,1,63,30.439024390243905
12.3,12.3,0.0,19.0,61,9.2,13.8,2023-03-05,1,47,21.925266903914594
0.9,0.9,0.0,4.0,51,8.4,10.2,2023-03-06,2,67,28.958333333333332
0.2,0.2,0.0,2.0,51,10.5,23.3,2023-03-07,1,67,30.368421052631575
1.3,1.3,0.0,7.0,53,11.9,23.3,2023-03-08,1,74,35.49305555555556
1.6,1.6,0.0,3.0,55,12.8,26.7,2023-03-09,1,69,32.40277777777778
0.0,0.0,0.0,0.0,3,14.0,26.8,2023-03-10,1,71,33.513888888888886
22.6,22.6,0.0,7.0,65,13.9,33.4,2023-03-11,1,71,30.12982456140351
2.5,2.5,0.0,7.0,53,9.2,27.0,2023-03-12,1,47,21.170731707317078
0.3,0.3,0.0,3.0,51,7.4,33.2,2023-03-13,1,69,30.238596491228073
0.0,0.0,0.0,0.0,3,7.3,23.5,2023-03-14,1,71,32.46503496503497
0.0,0.0,0.0,0.0,3,8.7,10.4,2023-03-15,1,74,34.048611111111114
5.6,5.6,0.0,13.0,61,10.1,19.7,2023-03-16,1,76,38.12847222222222
20.0,20.0,0.0,24.0,61,7.6,29.6,2023-03-17,8,81,44.986111111111114
8.8,8.8,0.0,24.0,61,7.2,25.1,2023-03-18,4,74,29.965909090909086
3.4,3.4,0.0,13.0,53,8.5,28.0,2023-03-19,6,63,23.6
0.0,0.0,0.0,0.0,3,9.3,13.8,2023-03-20,1,74,31.970149253731343
0.0,0.0,0.0,0.0,3,9.8,22.7,2023-03-21,1,78,37.46363636363636
8.5,8.5,0.0,15.0,55,8.7,20.9,2023-03-22,1,90,42.31884057971014
1.0,1.0,0.0,4.0,51,9.2,17.4,2023-03-23,1,72,26.55719557195572
0.0,0.0,0.0,0.0,3,9.1,14.6,2023-03-24,1,78,27.00729927007299
0.0,0.0,0.0,0.0,3,8.8,12.2,2023-03-25,1,51,19.610294117647054
7.5,7.5,0.0,6.0,63,10.3,13.6,2023-03-26,1,44,9.325842696629213
0.1,0.1,0.0,1.0,51,13.8,36.2,2023-03-27,1,69,28.79245283018868
20.7,20.7,0.0,17.0,63,9.6,40.6,2023-03-28,6,69,35.642105263157895
14.4,13.8,0.42,21.0,73,4.7,29.6,2023-03-29,1,81,30.42
1.8,0.3,1.05,2.0,75,4.4,20.0,2023-03-30,1,78,22.915662650602407
0.3,0.3,0.0,1.0,51,8.3,23.1,2023-03-31,1,80,30.079710144927535
1.3,1.3,0.0,1.0,61,13.9,34.9,2023-04-01,1,67,26.443181818181817
10.1,10.1,0.0,13.0,63,13.5,32.9,2023-04-02,1,60,19.986062717770036
3.7,3.7,0.0,10.0,53,13.5,30.1,2023-04-03,1,71,28.774305555555557
5.2,5.2,0.0,7.0,63,13.4,23.5,2023-04-04,1,83,34.270370370370365
1.7,1.7,0.0,9.0,51,8.5,22.0,2023-04-05,1,81,32.697916666666664
5.6,5.6,0.0,7.0,61,9.6,13.4,2023-04-06,1,89,33.44128113879004
2.9,2.9,0.0,12.0,53,8.9,18.9,2023-04-07,2,80,25.489208633093526
0.1,0.1,0.0,1.0,51,9.8,23.0,2023-04-08,1,72,29.97872340425532
0.0,0.0,0.0,0.0,3,10.2,27.4,2023-04-09,1,58,20.91044776119403
4.7,4.7,0.0,19.0,53,9.7,29.1,2023-04-10,1,81,34.13483146067416
5.6,5.6,0.0,21.0,53,9.5,26.3,2023-04-11,1,85,37.34782608695652
17.8,17.8,0.0,19.0,63,10.0,30.8,2023-04-12,6,87,36.251184834123215
0.0,0.0,0.0,0.0,2,11.6,16.3,2023-04-13,1,76,22.951724137931038
0.0,0.0,0.0,0.0,3,15.1,19.3,2023-04-14,1,83,32.58510638297872
0.0,0.0,0.0,0.0,3,16.3,12.6,2023-04-15,1,63,29.083333333333332
0.3,0.3,0.0,2.0,51,15.4,8.8,2023-04-16,1,49,16.296819787985864
0.6,0.6,0.0,2.0,53,14.3,15.3,2023-04-17,1,74,31.282229965156795
0.7,0.7,0.0,3.0,51,12.9,19.7,2023-04-18,1,76,32.989436619718305
3.1,3.1,0.0,7.0,61,12.1,16.0,2023-04-19,1,69,30.108391608391607
0.3,0.3,0.0,2.0,51,11.9,18.8,2023-04-20,1,63,19.254480286738353
0.8,0.8,0.0,2.0,53,12.4,18.5,2023-04-21,1,80,33.51398601398601
0.0,0.0,0.0,0.0,3,13.4,20.7,2023-04-22,1,72,36.75087719298246
0.0,0.0,0.0,0.0,3,11.7,19.9,2023-04-23,11,58,41.47
0.0,0.0,0.0,0.0,3,12.0,11.7,2023-04-24,1,62,22.83695652173913
0.1,0.1,0.0,1.0,51,14.8,23.7,2023-04-25,1,74,43.48087431693989
17.7,17.7,0.0,15.0,63,14.1,16.9,2023-04-26,1,69,35.08833922261484
18.9,18.9,0.0,19.0,61,10.9,29.6,2023-04-27,1,78,40.01748251748252
0.0,0.0,0.0,0.0,3,10.6,22.6,2023-04-28,1,76,37.78745644599303
0.1,0.1,0.0,1.0,51,10.7,15.9,2023-04-29,1,71,35.90909090909091
0.0,0.0,0.0,0.0,2,12.3,17.1,2023-04-30,1,62,29.346153846153847
0.0,0.0,0.0,0.0,1,13.9,16.1,2023-05-01,1,51,21.631944444444443
0.0,0.0,0.0,0.0,3,14.8,28.7,2023-05-02,1,69,35.3006993006993
0.0,0.0,0.0,0.0,3,15.5,23.5,2023-05-03,1,71,34.968858131487885
6.4,6.4,0.0,4.0,63,14.8,22.0,2023-05-04,1,71,36.4636678200692
1.9,1.9,0.0,4.0,55,12.8,28.1,2023-05-05,1,67,33.64664310954064
19.5,19.5,0.0,8.0,65,12.9,24.9,2023-05-06,1,67,33.416961130742045
0.0,0.0,0.0,0.0,3,14.0,24.2,2023-05-07,17,69,42.37762237762237
0.0,0.0,0.0,0.0,3,13.7,22.3,2023-05-08,1,72,32.90344827586207
0.5,0.5,0.0,3.0,51,12.7,25.3,2023-05-09,1,74,33.16724738675958
0.7,0.7,0.0,4.0,51,12.1,26.3,2023-05-10,1,67,31.8280701754386
0.0,0.0,0.0,0.0,3,12.2,31.8,2023-05-11,1,72,33.318996415770606
0.4,0.4,0.0,4.0,51,12.4,27.5,2023-05-12,9,71,44.28042328042328
0.0,0.0,0.0,0.0,3,13.3,16.4,2023-05-13,1,63,28.49825783972125
0.2,0.2,0.0,2.0,51,14.0,18.9,2023-05-14,1,26,4.651567944250871
0.0,0.0,0.0,0.0,3,17.4,18.1,2023-05-15,1,60,22.87676056338028
0.0,0.0,0.0,0.0,3,19.0,24.7,2023-05-16,1,69,32.39930555555556
7.5,7.5,0.0,5.0,63,15.7,26.2,2023-05-17,1,72,37.21328671328671
7.6,7.6,0.0,17.0,55,14.4,19.8,2023-05-18,6,81,58.1875
1.3,1.3,0.0,8.0,51,14.9,22.3,2023-05-19,1,49,20.322807017543855
1.9,1.9,0.0,5.0,53,15.1,22.6,2023-05-20,1,54,24.711805555555557
0.1,0.1,0.0,1.0,51,16.0,21.1,2023-05-21,1,54,24.003496503496503
0.0,0.0,0.0,0.0,3,16.3,29.5,2023-05-22,1,63,28.9198606271777
2.1,2.1,0.0,9.0,51,16.1,18.6,2023-05-23,1,67,31.03125
1.4,1.4,0.0,9.0,51,16.2,15.5,2023-05-24,1,71,32.50526315789474
0.7,0.7,0.0,4.0,51,17.3,16.2,2023-05-25,1,71,33.385416666666664
2.3,2.3,0.0,2.0,61,17.7,16.3,2023-05-26,1,71,34.2791519434629
0.0,0.0,0.0,0.0,3,17.7,22.8,2023-05-27,1,69,32.69337979094077
1.4,1.4,0.0,10.0,51,17.5,27.8,2023-05-28,1,40,14.788194444444445
0.6,0.6,0.0,6.0,51,18.2,23.7,2023-05-29,4,63,29.662020905923345
2.2,2.2,0.0,11.0,53,18.8,20.9,2023-05-30,1,71,33.91428571428572
9.8,9.8,0.0,8.0,63,19.2,13.0,2023-05-31,1,72,33.63066202090592
0.0,0.0,0.0,0.0,3,19.0,21.9,2023-06-01,1,71,36.1490909090909
0.0,0.0,0.0,0.0,3,19.7,27.8,2023-06-02,4,67,47.787564766839374
2.9,2.9,0.0,5.0,61,19.2,24.2,2023-06-03,1,69,40.362204724409445
6.1,6.1,0.0,12.0,61,18.8,24.4,2023-06-04,1,54,25.703557312252965
0.0,0.0,0.0,0.0,3,18.4,22.4,2023-06-05,1,65,33.8875
0.0,0.0,0.0,0.0,3,19.1,27.1,2023-06-06,1,71,36.01423487544484
0.0,0.0,0.0,0.0,1,18.9,27.3,2023-06-07,1,78,36.73384030418251
0.0,0.0,0.0,0.0,3,19.3,25.3,2023-06-08,1,72,37.3170731707317
0.1,0.1,0.0,1.0,51,19.5,19.1,2023-06-09,1,74,37.55871886120997
0.0,0.0,0.0,0.0,3,19.2,13.5,2023-06-10,1,71,35.65964912280702
0.0,0.0,0.0,0.0,3,20.4,20.3,2023-06-11,1,54,24.034934497816597
1.4,1.4,0.0,6.0,53,19.4,28.0,2023-06-12,1,65,33.03472222222222
0.0,0.0,0.0,0.0,3,19.3,25.6,2023-06-13,1,67,34.597122302158276
1.5,1.5,0.0,11.0,51,19.8,18.5,2023-06-14,1,72,35.93992932862191
0.0,0.0,0.0,0.0,3,20.9,23.2,2023-06-15,1,78,37.73076923076923
0.0,0.0,0.0,0.0,3,22.1,24.6,2023-06-16,1,71,36.316901408450704
5.1,5.1,0.0,10.0,61,21.4,23.6,2023-06-17,6,69,33.88461538461539
1.5,1.5,0.0,5.0,55,21.2,19.1,2023-06-18,1,53,24.489510489510486
15.3,15.3,0.0,16.0,63,20.8,16.0,2023-06-19,1,71,34.55244755244755
10.0,10.0,0.0,16.0,63,20.8,16.7,2023-06-20,1,74,37.01754385964912
0.1,0.1,0.0,1.0,51,22.2,11.5,2023-06-21,1,74,38.4808362369338
0.1,0.1,0.0,1.0,51,22.6,18.3,2023-06-22,1,72,39.1875
0.0,0.0,0.0,0.0,1,23.3,23.1,2023-06-23,1,65,36.75778546712802
0.0,0.0,0.0,0.0,0,23.8,22.4,2023-06-24,2,47,33.10697674418605
0.0,0.0,0.0,0.0,0,22.9,18.7,2023-06-25,1,31,14.118577075098814
0.1,0.1,0.0,1.0,51,23.2,17.4,2023-06-26,1,31,13.338129496402876
0.3,0.3,0.0,2.0,51,23.7,22.4,2023-06-27,1,26,7.885057471264368
0.0,0.0,0.0,0.0,0,24.2,15.2,2023-06-28,1,36,14.097560975609756
1.6,1.6,0.0,3.0,55,20.4,23.0,2023-06-29,1,40,16.91166077738516
0.0,0.0,0.0,0.0,3,20.8,14.0,2023-06-30,1,38,15.188153310104529
0.0,0.0,0.0,0.0,0,23.0,16.6,2023-07-01,1,29,13.540069686411147
0.0,0.0,0.0,0.0,0,25.1,12.2,2023-07-02,1,24,8.650793650793652
0.4,0.4,0.0,2.0,51,25.5,25.5,2023-07-03,1,54,22.7984496124031
0.0,0.0,0.0,0.0,0,25.1,23.6,2023-07-04,1,63,27.038596491228073
0.0,0.0,0.0,0.0,3,24.7,25.0,2023-07-05,11,63,40.2463768115942
1.0,1.0,0.0,2.0,53,25.7,22.9,2023-07-06,1,67,31.130742049469966
0.9,0.9,0.0,3.0,53,26.1,15.3,2023-07-07,1,67,32.87900355871886
21.6,21.6,0.0,19.0,63,22.5,23.0,2023-07-08,4,60,32.7429718875502
0.4,0.4,0.0,3.0,51,22.5,30.1,2023-07-09,1,45,21.248251748251747
0.0,0.0,0.0,0.0,0,23.5,9.9,2023-07-10,2,63,39.465437788018434
0.0,0.0,0.0,0.0,2,24.5,17.1,2023-07-11,1,69,33.16319444444444
0.3,0.3,0.0,1.0,51,26.5,14.3,2023-07-12,1,72,34.561403508771924
0.0,0.0,0.0,0.0,1,27.9,9.8,2023-07-13,1,67,32.94773519163763
0.0,0.0,0.0,0.0,3,29.1,20.3,2023-07-14,1,69,33.5
0.0,0.0,0.0,0.0,0,26.3,26.0,2023-07-15,1,38,23.180555555555557
0.0,0.0,0.0,0.0,0,24.6,25.3,2023-07-16,8,38,27.323353293413174
0.0,0.0,0.0,0.0,0,24.6,27.7,2023-07-17,1,65,29.6013986013986
0.0,0.0,0.0,0.0,0,24.7,24.8,2023-07-18,1,65,30.801393728223
0.0,0.0,0.0,0.0,0,25.5,23.8,2023-07-19,1,67,31.434931506849317
0.0,0.0,0.0,0.0,2,27.9,11.0,2023-07-20,15,69,42.48529411764706
0.0,0.0,0.0,0.0,1,26.8,20.9,2023-07-21,1,63,30.857142857142858
0.0,0.0,0.0,0.0,3,28.3,13.8,2023-07-22,1,49,25.29824561403509
0.2,0.2,0.0,1.0,51,28.8,24.8,2023-07-23,1,40,18.511111111111113
0.0,0.0,0.0,0.0,1,26.0,22.7,2023-07-24,1,63,30.425087108013937
0.0,0.0,0.0,0.0,0,27.0,11.3,2023-07-25,11,65,42.40909090909091
0.0,0.0,0.0,0.0,0,30.6,17.1,2023-07-26,1,60,30.294545454545453
0.6,0.6,0.0,3.0,51,25.4,33.6,2023-07-27,1,69,34.29616724738676
0.0,0.0,0.0,0.0,1,22.4,21.2,2023-07-28,1,65,31.03125
0.0,0.0,0.0,0.0,0,22.9,24.0,2023-07-29,1,47,25.57913669064748
0.0,0.0,0.0,0.0,1,23.5,24.2,2023-07-30,1,40,18.261324041811847
0.0,0.0,0.0,0.0,3,23.8,27.7,2023-07-31,1,60,27.36630036630037
0.6,0.6,0.0,5.0,51,24.7,21.0,2023-08-01,1,67,30.558718861209965
0.0,0.0,0.0,0.0,3,25.5,13.8,2023-08-02,1,69,30.55749128919861
0.0,0.0,0.0,0.0,3,29.0,20.0,2023-08-03,1,65,30.67832167832168
0.0,0.0,0.0,0.0,0,29.3,28.3,2023-08-04,1,62,30.986062717770036
0.0,0.0,0.0,0.0,3,27.2,19.4,2023-08-05,1,44,24.027972027972027
0.0,0.0,0.0,0.0,2,28.2,33.8,2023-08-06,2,38,23.364102564102563
0.0,0.0,0.0,0.0,2,27.3,20.4,2023-08-07,1,67,33.797356828193834
0.0,0.0,0.0,0.0,2,25.0,31.9,2023-08-08,1,65,29.27046263345196
0.0,0.0,0.0,0.0,3,23.4,32.4,2023-08-09,1,71,30.034965034965037
1.6,1.6,0.0,3.0,53,24.2,19.4,2023-08-10,1,63,30.822916666666664
1.5,1.5,0.0,8.0,53,23.1,24.3,2023-08-11,1,62,31.506993006993007
0.0,0.0,0.0,0.0,1,24.4,31.3,2023-08-12,1,47,24.649122807017545
0.3,0.3,0.0,2.0,51,25.0,38.7,2023-08-13,1,40,17.83275261324042
0.4,0.4,0.0,4.0,51,25.8,34.7,2023-08-14,1,67,28.73776223776224
0.1,0.1,0.0,1.0,51,26.4,17.5,2023-08-15,1,63,29.207142857142856
0.0,0.0,0.0,0.0,3,25.8,32.7,2023-08-16,1,67,30.174545454545452
0.0,0.0,0.0,0.0,2,26.1,32.4,2023-08-17,1,67,29.797909407665504
0.0,0.0,0.0,0.0,3,26.3,35.1,2023-08-18,1,67,30.496503496503497
0.0,0.0,0.0,0.0,2,25.7,37.4,2023-08-19,1,53,26.765734265734263
0.0,0.0,0.0,0.0,3,25.9,27.0,2023-08-20,1,40,21.819230769230767
0.0,0.0,0.0,0.0,3,26.3,23.8,2023-08-21,1,65,29.625441696113075
0.0,0.0,0.0,0.0,0,26.8,27.0,2023-08-22,1,71,31.23611111111111
0.0,0.0,0.0,0.0,0,26.2,30.0,2023-08-23,1,67,31.674825174825173
0.0,0.0,0.0,0.0,1,26.2,26.6,2023-08-24,1,65,28.735042735042732
0.0,0.0,0.0,0.0,1,26.0,29.1,2023-08-25,1,69,32.204861111111114
0.0,0.0,0.0,0.0,0,26.2,32.9,2023-08-26,1,51,26.934027777777775
0.0,0.0,0.0,0.0,3,25.5,30.5,2023-08-27,1,45,19.675958188153313
0.0,0.0,0.0,0.0,3,25.3,24.2,2023-08-28,1,62,28.881944444444443
0.0,0.0,0.0,0.0,0,25.7,22.8,2023-08-29,1,72,34.05208333333333
0.0,0.0,0.0,0.0,0,26.4,16.3,2023-08-30,1,42,20.34375
0.0,0.0,0.0,0.0,3,27.3,15.7,2023-08-31,1,67,30.34494773519164
6.4,6.4,0.0,4.0,63,24.5,20.7,2023-09-01,1,65,30.791666666666664
0.4,0.4,0.0,1.0,51,25.1,28.7,2023-09-02,1,54,28.052083333333332
0.7,0.7,0.0,7.0,51,24.9,30.9,2023-09-03,1,45,22.368055555555557
0.8,0.8,0.0,2.0,53,24.2,25.3,2023-09-04,1,69,30.773519163763066
0.8,0.8,0.0,6.0,51,23.4,33.4,2023-09-05,1,71,34.43055555555556
0.1,0.1,0.0,1.0,51,24.2,33.9,2023-09-06,1,74,33.541666666666664
0.0,0.0,0.0,0.0,3,24.8,32.6,2023-09-07,1,74,35.84965034965035
0.1,0.1,0.0,1.0,51,23.8,32.8,2023-09-08,1,72,42.70666666666666
0.0,0.0,0.0,0.0,2,23.0,30.1,2023-09-09,1,63,32.19163763066202
0.0,0.0,0.0,0.0,1,22.9,31.1,2023-09-10,1,49,21.122222222222224
0.0,0.0,0.0,0.0,3,21.8,30.1,2023-09-11,1,63,28.412587412587406
0.0,0.0,0.0,0.0,1,21.6,23.3,2023-09-12,1,67,32.462406015037594
0.0,0.0,0.0,0.0,0,21.2,21.7,2023-09-13,1,67,31.395104895104893
0.0,0.0,0.0,0.0,2,21.9,21.4,2023-09-14,1,67,39.36486486486486
0.0,0.0,0.0,0.0,3,21.5,18.3,2023-09-15,1,67,31.611307420494697
0.0,0.0,0.0,0.0,3,22.1,26.6,2023-09-16,1,62,30.652777777777775
0.0,0.0,0.0,0.0,3,22.8,29.3,2023-09-17,1,49,22.602787456445995
0.0,0.0,0.0,0.0,3,21.8,31.1,2023-09-18,1,69,30.212543554006967
0.0,0.0,0.0,0.0,2,21.8,26.2,2023-09-19,1,65,31.202090592334493
0.0,0.0,0.0,0.0,3,20.4,20.2,2023-09-20,1,72,31.680701754385964
0.0,0.0,0.0,0.0,3,20.3,18.3,2023-09-21,1,69,32.44444444444444
0.0,0.0,0.0,0.0,2,21.5,12.0,2023-09-22,1,67,31.820422535211268
0.0,0.0,0.0,0.0,0,24.7,16.6,2023-09-23,8,60,45.0573476702509
0.0,0.0,0.0,0.0,0,23.3,23.7,2023-09-24,1,54,22.97435897435897
0.0,0.0,0.0,0.0,3,22.9,33.1,2023-09-25,1,72,31.052083333333332
0.0,0.0,0.0,0.0,3,22.9,33.1,2023-09-26,1,72,41.03930131004367
0.2,0.2,0.0,1.0,51,22.6,31.1,2023-09-27,1,69,33.188153310104525
13.8,13.8,0.0,14.0,63,20.9,21.4,2023-09-28,1,85,36.63194444444445
0.9,0.9,0.0,7.0,51,20.1,12.6,2023-09-29,1,69,35.066202090592334
19.7,19.7,0.0,15.0,63,19.3,12.9,2023-09-30,1,72,34.54929577464789
21.6,21.6,0.0,24.0,63,18.2,26.3,2023-10-01,1,69,30.0
3.9,3.9,0.0,12.0,53,19.0,25.7,2023-10-02,1,76,34.656140350877195
0.0,0.0,0.0,0.0,2,18.8,23.3,2023-10-03,1,71,33.24210526315789
0.0,0.0,0.0,0.0,1,17.6,15.3,2023-10-04,1,76,33.72222222222222
0.0,0.0,0.0,0.0,3,17.8,21.5,2023-10-05,1,74,33.07317073170732
0.0,0.0,0.0,0.0,3,18.8,19.2,2023-10-06,2,71,44.115942028985515
0.0,0.0,0.0,0.0,3,19.1,19.5,2023-10-07,1,63,31.430604982206404
0.0,0.0,0.0,0.0,0,18.0,19.6,2023-10-08,1,56,24.32638888888889
0.5,0.5,0.0,5.0,51,16.9,31.5,2023-10-09,1,69,30.378472222222225
0.0,0.0,0.0,0.0,3,15.6,17.6,2023-10-10,1,74,33.68402777777778
0.1,0.1,0.0,1.0,51,16.0,29.3,2023-10-11,1,74,33.23636363636364
0.0,0.0,0.0,0.0,1,17.5,20.1,2023-10-12,1,74,34.38610038610038
0.0,0.0,0.0,0.0,3,15.8,8.2,2023-10-13,1,78,34.89930555555556
0.0,0.0,0.0,0.0,3,17.4,18.3,2023-10-14,1,69,27.77092511013216
0.1,0.1,0.0,1.0,51,16.6,11.8,2023-10-15,1,54,23.508896797153024
4.1,4.1,0.0,11.0,53,16.1,30.0,2023-10-16,1,83,36.0985401459854
0.0,0.0,0.0,0.0,3,15.5,23.5,2023-10-17,1,72,33.325
12.4,12.4,0.0,21.0,61,14.8,22.2,2023-10-18,1,81,36.62633451957295
0.3,0.3,0.0,3.0,51,15.5,17.1,2023-10-19,1,78,33.34146341463414
0.0,0.0,0.0,0.0,0,18.3,27.1,2023-10-20,1,72,33.76491228070176
0.0,0.0,0.0,0.0,0,20.3,20.1,2023-10-21,1,65,30.604166666666664
0.0,0.0,0.0,0.0,3,19.3,11.2,2023-10-22,1,56,24.13240418118467
0.0,0.0,0.0,0.0,3,19.4,10.8,2023-10-23,1,69,30.59649122807017
0.0,0.0,0.0,0.0,3,18.6,11.5,2023-10-24,1,81,36.62152777777778
0.0,0.0,0.0,0.0,3,19.0,24.7,2023-10-25,1,74,33.52797202797203
0.0,0.0,0.0,0.0,3,22.1,29.6,2023-10-26,1,80,36.01052631578948
0.0,0.0,0.0,0.0,3,21.5,30.1,2023-10-27,1,76,34.1013986013986
0.0,0.0,0.0,0.0,3,22.0,32.0,2023-10-28,1,62,27.90625
0.4,0.4,0.0,2.0,51,19.8,16.1,2023-10-29,1,49,20.801393728223
0.0,0.0,0.0,0.0,3,19.5,21.9,2023-10-30,1,74,29.853658536585364
0.1,0.1,0.0,1.0,51,18.2,13.7,2023-10-31,1,74,31.310104529616723
0.0,0.0,0.0,0.0,3,19.5,18.9,2023-11-01,1,76,32.6794425087108
17.0,17.0,0.0,16.0,63,17.1,24.6,2023-11-02,1,90,37.02482269503545
0.7,0.7,0.0,5.0,51,19.7,34.0,2023-11-03,1,80,34.82867132867133
1.2,1.2,0.0,1.0,55,23.0,37.0,2023-11-04,1,63,31.73263888888889
8.7,8.7,0.0,2.0,63,19.7,33.3,2023-11-05,1,53,25.270833333333332
0.4,0.4,0.0,4.0,51,20.2,34.5,2023-11-06,1,74,31.348591549295772
0.2,0.2,0.0,2.0,51,18.7,10.0,2023-11-07,1,78,34.32871972318339
0.0,0.0,0.0,0.0,3,18.1,18.5,2023-11-08,1,78,34.27598566308244
10.7,10.7,0.0,7.0,63,14.5,25.0,2023-11-09,1,81,39.69014084507042
0.0,0.0,0.0,0.0,3,14.1,15.5,2023-11-10,1,83,36.73958333333333
12.9,12.9,0.0,9.0,63,18.4,44.6,2023-11-11,1,80,36.95833333333333
0.4,0.4,0.0,2.0,51,16.2,32.8,2023-11-12,1,58,24.756944444444443
27.6,27.6,0.0,16.0,63,14.4,26.7,2023-11-13,1,83,41.13028169014085
0.0,0.0,0.0,0.0,3,12.3,13.6,2023-11-14,1,81,38.62867647058824
0.4,0.4,0.0,2.0,51,16.5,24.2,2023-11-15,1,87,38.84642857142857
33.2,33.2,0.0,13.0,63,13.0,23.5,2023-11-16,4,80,40.732394366197184
0.0,0.0,0.0,0.0,3,12.6,18.7,2023-11-17,1,78,35.64388489208633
57.6,57.6,0.0,20.0,65,11.6,34.1,2023-11-18,1,71,37.295138888888886
26.2,24.9,0.91,18.0,73,5.5,31.1,2023-11-19,1,51,22.559027777777775
3.7,3.7,0.0,5.0,61,9.3,21.0,2023-11-20,1,74,30.63859649122807
0.1,0.1,0.0,1.0,51,12.7,16.7,2023-11-21,1,80,35.83333333333333
0.0,0.0,0.0,0.0,3,15.4,21.6,2023-11-22,1,89,38.5625
4.4,4.4,0.0,12.0,53,12.6,20.8,2023-11-23,4,72,37.846689895470384
2.9,2.9,0.0,8.0,55,13.8,26.8,2023-11-24,1,80,36.066202090592334
0.2,0.2,0.0,2.0,51,16.6,38.5,2023-11-25,1,71,33.19163763066202
7.5,7.5,0.0,4.0,63,8.9,47.6,2023-11-26,1,47,18.37979094076655
0.0,0.0,0.0,0.0,3,4.3,22.7,2023-11-27,1,74,30.23611111111111
1.6,1.6,0.0,7.0,51,10.3,45.4,2023-11-28,1,89,38.84912280701754
30.6,30.6,0.0,20.0,63,14.3,52.9,2023-11-29,2,90,46.99596774193548
14.4,14.4,0.0,4.0,63,11.2,28.4,2023-11-30,2,78,40.224264705882355
0.0,0.0,0.0,0.0,3,15.6,33.3,2023-12-01,1,80,38.4251968503937
0.0,0.0,0.0,0.0,3,17.5,41.4,2023-12-02,1,71,32.34027777777778
0.0,0.0,0.0,0.0,3,18.1,40.0,2023-12-03,1,58,22.722222222222225
3.5,3.5,0.0,12.0,53,10.4,29.0,2023-12-04,1,85,41.80208333333333
0.0,0.0,0.0,0.0,3,10.3,23.0,2023-12-05,1,85,37.949640287769775
2.0,2.0,0.0,5.0,53,10.5,15.0,2023-12-06,1,80,40.21484375
4.3,4.3,0.0,17.0,53,10.4,15.4,2023-12-07,1,89,44.561151079136685
5.6,5.6,0.0,20.0,61,8.0,28.7,2023-12-08,8,85,46.68029739776952
13.0,13.0,0.0,23.0,63,6.7,30.6,2023-12-09,8,74,39.14685314685315
0.4,0.4,0.0,2.0,51,6.6,12.7,2023-12-10,1,56,21.18815331010453
0.0,0.0,0.0,0.0,3,7.8,12.7,2023-12-11,1,74,30.784722222222225
0.0,0.0,0.0,0.0,3,8.7,15.3,2023-12-12,1,76,32.96180555555556
0.0,0.0,0.0,0.0,3,9.4,12.1,2023-12-13,1,76,35.11805555555556
0.0,0.0,0.0,0.0,3,14.6,37.3,2023-12-14,1,81,35.80633802816901
7.1,7.1,0.0,7.0,61,11.8,28.0,2023-12-15,1,81,37.74021352313167
23.3,23.3,0.0,24.0,63,8.1,39.0,2023-12-16,2,74,39.070175438596486
3.3,3.3,0.0,4.0,55,6.6,30.8,2023-12-17,1,53,21.438596491228072
0.0,0.0,0.0,0.0,2,5.8,9.0,2023-12-18,1,74,32.37282229965157
0.0,0.0,0.0,0.0,3,7.3,10.7,2023-12-19,1,78,34.822916666666664
0.0,0.0,0.0,0.0,3,6.8,13.3,2023-12-20,1,83,37.1875
2.3,2.3,0.0,9.0,53,9.9,16.1,2023-12-21,1,83,40.621052631578955
9.3,9.3,0.0,13.0,63,9.7,30.0,2023-12-22,2,89,40.329861111111114
1.4,1.4,0.0,1.0,61,9.6,38.5,2023-12-23,1,67,29.95438596491228
0.8,0.8,0.0,1.0,53,11.6,28.3,2023-12-24,1,53,19.159722222222225
0.0,0.0,0.0,0.0,3,13.1,23.9,2023-12-25,1,74,30.883895131086145
0.0,0.0,0.0,0.0,0,13.2,21.3,2023-12-26,1,78,36.423611111111114
0.2,0.2,0.0,2.0,51,12.8,22.1,2023-12-27,1,80,37.52083333333333
0.0,0.0,0.0,0.0,3,9.0,10.9,2023-12-28,1,81,38.71929824561404
0.0,0.0,0.0,0.0,3,7.8,14.5,2023-12-29,1,74,36.89583333333333
0.0,0.0,0.0,0.0,3,9.2,11.5,2023-12-30,1,62,27.07638888888889
0.3,0.3,0.0,3.0,51,10.6,10.6,2023-12-31,1,40,10.868327402135233
0.0,0.0,0.0,0.0,3,11.3,20.6,2024-01-01,1,45,15.401433691756273
6.9,6.9,0.0,6.0,61,11.2,23.4,2024-01-02,1,80,32.64312267657992
2.5,2.5,0.0,5.0,53,10.9,23.4,2024-01-03,1,71,39.24870466321244
0.4,0.4,0.0,2.0,51,12.7,23.9,2024-01-04,1,76,35.051094890510946
1.4,1.4,0.0,4.0,53,10.9,28.9,2024-01-05,1,74,33.647058823529406
0.0,0.0,0.0,0.0,3,11.1,17.3,2024-01-06,1,62,27.049122807017543
3.2,3.2,0.0,2.0,61,12.6,37.7,2024-01-07,1,44,19.69485294117647
1.6,1.6,0.0,3.0,61,12.0,37.8,2024-01-08,1,78,34.31272727272727
17.7,17.6,0.07,17.0,71,4.5,33.0,2024-01-09,2,87,46.06810035842294
13.4,13.4,0.0,18.0,61,4.5,34.8,2024-01-10,8,83,42.83025830258303
0.0,0.0,0.0,0.0,3,4.2,19.0,2024-01-11,1,69,30.52650176678445
0.5,0.5,0.0,5.0,51,2.7,27.0,2024-01-12,1,83,35.08333333333333
0.0,0.0,0.0,0.0,3,1.8,24.0,2024-01-13,1,56,23.62190812720848
0.0,0.0,0.0,0.0,3,2.8,21.9,2024-01-14,1,63,18.284722222222225
0.0,0.0,0.0,0.0,3,9.2,30.3,2024-01-15,1,72,30.277777777777775
10.4,10.4,0.0,14.0,63,10.2,31.3,2024-01-16,1,80,37.37847222222222
0.0,0.0,0.0,0.0,3,7.3,13.0,2024-01-17,1,78,33.675
0.6,0.6,0.0,3.0,51,11.8,34.7,2024-01-18,1,78,36.49650349650349
10.1,10.1,0.0,6.0,63,14.3,43.1,2024-01-19,1,78,37.18181818181817
20.6,20.6,0.0,16.0,63,8.5,34.4,2024-01-20,1,76,38.805653710247356
5.0,5.0,0.0,9.0,53,5.3,33.8,2024-01-21,6,63,24.95486111111111
0.2,0.2,0.0,2.0,51,5.3,29.1,2024-01-22,2,76,34.91385767790262
0.0,0.0,0.0,0.0,2,5.2,18.1,2024-01-23,1,83,38.93333333333333
0.1,0.1,0.0,1.0,51,5.5,19.8,2024-01-24,1,89,42.261648745519715
1.3,1.3,0.0,2.0,55,6.0,24.2,2024-01-25,1,81,42.34504792332268
2.7,2.7,0.0,6.0,61,5.9,18.3,2024-01-26,1,85,40.5390625
5.0,5.0,0.0,8.0,61,5.0,19.7,2024-01-27,1,71,35.46153846153846
1.5,1.5,0.0,6.0,53,4.6,23.1,2024-01-28,1,56,26.194444444444443
4.4,4.1,0.21,19.0,71,3.5,25.3,2024-01-29,6,81,42.35087719298246
2.8,2.6,0.14,13.0,71,4.0,34.5,2024-01-30,4,76,40.79930795847751
0.3,0.3,0.0,3.0,51,5.5,31.8,2024-01-31,6,76,39.13937282229965
0.0,0.0,0.0,0.0,3,5.7,17.8,2024-02-01,1,80,36.1184668989547
0.2,0.2,0.0,2.0,51,5.0,15.9,2024-02-02,1,80,36.69444444444445
0.0,0.0,0.0,0.0,3,5.6,15.3,2024-02-03,1,69,30.543589743589745
0.3,0.3,0.0,2.0,51,7.8,22.8,2024-02-04,1,60,26.58921161825726
0.0,0.0,0.0,0.0,3,10.5,27.1,2024-02-05,1,72,31.713754646840147
0.0,0.0,0.0,0.0,2,11.8,20.3,2024-02-06,1,81,36.60701754385965
0.0,0.0,0.0,0.0,3,12.6,27.8,2024-02-07,1,78,35.42508710801393
0.4,0.4,0.0,3.0,51,13.6,28.0,2024-02-08,1,72,35.25087108013937
0.0,0.0,0.0,0.0,3,12.3,23.4,2024-02-09,1,78,36.729166666666664
0.0,0.0,0.0,0.0,3,13.6,31.9,2024-02-10,1,67,32.818815331010455
0.0,0.0,0.0,0.0,3,14.5,33.1,2024-02-11,1,53,21.965277777777775
3.4,3.4,0.0,11.0,53,13.5,21.2,2024-02-12,1,81,34.729166666666664
3.4,3.4,0.0,7.0,55,10.5,18.6,2024-02-13,1,74,36.540069686411144
0.7,0.7,0.0,5.0,51,7.9,27.5,2024-02-14,1,85,39.59375
13.9,13.9,0.0,22.0,61,6.9,27.0,2024-02-15,9,87,46.27526132404181
6.2,6.2,0.0,14.0,61,7.2,18.9,2024-02-16,6,72,39.83333333333333
0.2,0.2,0.0,2.0,51,6.8,20.6,2024-02-17,2,67,33.25524475524475
0.0,0.0,0.0,0.0,3,6.1,14.8,2024-02-18,1,49,19.274305555555557
0.0,0.0,0.0,0.0,3,6.3,16.3,2024-02-19,1,71,30.624561403508768
0.0,0.0,0.0,0.0,2,5.6,16.4,2024-02-20,1,74,35.36458333333333
0.0,0.0,0.0,0.0,3,5.8,12.5,2024-02-21,1,72,36.62369337979094
0.0,0.0,0.0,0.0,3,6.6,10.2,2024-02-22,1,76,36.30069930069929
0.0,0.0,0.0,0.0,3,9.5,18.5,2024-02-23,1,74,34.91166077738516
0.0,0.0,0.0,0.0,0,12.4,20.0,2024-02-24,1,69,34.03272727272727
0.0,0.0,0.0,0.0,3,12.5,12.5,2024-02-25,1,54,23.968641114982574
0.0,0.0,0.0,0.0,3,11.3,16.3,2024-02-26,1,72,32.28125
0.0,0.0,0.0,0.0,3,9.0,16.6,2024-02-27,1,76,35.13194444444444
0.0,0.0,0.0,0.0,3,8.7,15.3,2024-02-28,1,72,34.74086378737541
0.0,0.0,0.0,0.0,3,9.4,19.5,2024-02-29,1,78,36.477351916376314
0.0,0.0,0.0,0.0,3,9.6,19.2,2024-03-01,1,74,35.53521126760564
0.0,0.0,0.0,0.0,3,9.3,14.6,2024-03-02,1,67,31.90625
0.6,0.6,0.0,3.0,51,8.1,14.1,2024-03-03,1,65,22.729166666666664
0.0,0.0,0.0,0.0,3,8.5,10.4,2024-03-04,1,71,33.041666666666664
1.9,1.9,0.0,6.0,55,10.0,13.3,2024-03-05,1,85,38.763888888888886
1.7,1.7,0.0,8.0,53,8.2,18.1,2024-03-06,1,80,38.59375
0.0,0.0,0.0,0.0,3,7.2,16.1,2024-03-07,1,81,39.107638888888886
16.1,16.1,0.0,22.0,61,6.5,18.6,2024-03-08,1,90,48.375
2.8,2.8,0.0,9.0,53,6.4,15.6,2024-03-09,1,72,33.58680555555556
0.0,0.0,0.0,0.0,3,6.1,13.3,2024-03-10,1,54,21.090592334494772
0.0,0.0,0.0,0.0,3,10.6,12.2,2024-03-11,1,74,26.717770034843205
4.8,4.8,0.0,6.0,61,12.7,17.7,2024-03-12,1,83,33.611111111111114
9.1,9.1,0.0,10.0,61,11.3,23.8,2024-03-13,1,71,30.072916666666664
1.6,1.6,0.0,5.0,53,9.7,15.0,2024-03-14,1,76,29.649305555555557
5.9,5.9,0.0,13.0,61,8.0,16.8,2024-03-15,6,72,32.329861111111114
0.3,0.3,0.0,3.0,51,7.4,13.7,2024-03-16,1,58,21.121951219512194
0.0,0.0,0.0,0.0,3,8.0,16.2,2024-03-17,1,40,13.689795918367347
0.0,0.0,0.0,0.0,2,7.8,12.7,2024-03-18,1,78,28.20486111111111
0.1,0.1,0.0,1.0,51,9.9,21.2,2024-03-19,1,80,30.28125
6.1,6.1,0.0,15.0,61,6.4,26.6,2024-03-20,2,81,36.90972222222222
0.4,0.4,0.0,2.0,51,5.8,14.1,2024-03-21,1,85,32.98601398601399
3.4,3.3,0.07,9.0,71,5.9,22.5,2024-03-22,1,76,32.135416666666664
0.0,0.0,0.0,0.0,3,6.7,13.1,2024-03-23,1,71,26.340277777777775
0.0,0.0,0.0,0.0,3,9.2,19.7,2024-03-24,1,53,18.027777777777775
8.7,8.7,0.0,9.0,63,10.4,34.7,2024-03-25,1,83,33.95422535211268
0.0,0.0,0.0,0.0,3,9.8,17.1,2024-03-26,1,78,31.246527777777775
6.2,6.2,0.0,8.0,63,14.2,15.0,2024-03-27,1,62,27.709923664122137
1.3,1.3,0.0,2.0,55,16.2,23.0,2024-03-28,8,81,42.074866310160424
0.0,0.0,0.0,0.0,1,14.5,14.2,2024-03-29,1,81,33.85664335664336
0.0,0.0,0.0,0.0,3,16.6,10.7,2024-03-30,1,63,26.102112676056336
0.0,0.0,0.0,0.0,3,15.9,14.1,2024-03-31,1,56,10.610714285714284
0.0,0.0,0.0,0.0,3,16.5,15.0,2024-04-01,1,80,28.63888888888889
0.0,0.0,0.0,0.0,3,17.6,16.6,2024-04-02,1,83,32.3125
0.0,0.0,0.0,0.0,3,15.3,22.3,2024-04-03,1,80,34.512195121951216
0.0,0.0,0.0,0.0,3,14.1,16.4,2024-04-04,1,80,37.68214285714286
0.0,0.0,0.0,0.0,3,13.0,10.6,2024-04-05,1,78,36.40209790209791
0.0,0.0,0.0,0.0,3,14.0,12.5,2024-04-06,1,62,25.377622377622377
1.3,1.3,0.0,6.0,51,12.4,22.8,2024-04-07,1,29,11.625
0.0,0.0,0.0,0.0,0,12.5,26.1,2024-04-08,1,60,16.829268292682926
0.0,0.0,0.0,0.0,0,13.0,20.6,2024-04-09,1,40,11.297491039426523
0.0,0.0,0.0,0.0,3,13.1,20.0,2024-04-10,1,67,32.021428571428565
0.0,0.0,0.0,0.0,3,14.0,19.8,2024-04-11,1,71,33.69444444444444
0.0,0.0,0.0,0.0,0,15.2,19.9,2024-04-12,1,53,24.84375
0.0,0.0,0.0,0.0,3,15.4,19.2,2024-04-13,1,44,20.15625
0.0,0.0,0.0,0.0,1,16.0,11.4,2024-04-14,1,35,14.222222222222221
0.0,0.0,0.0,0.0,3,17.2,11.8,2024-04-15,1,60,25.473867595818813
0.0,0.0,0.0,0.0,3,19.9,19.6,2024-04-16,1,63,32.479166666666664
0.4,0.4,0.0,2.0,51,20.4,30.7,2024-04-17,1,69,34.49652777777778
0.6,0.6,0.0,3.0,51,16.5,28.7,2024-04-18,1,71,34.80208333333333
4.9,4.9,0.0,17.0,53,13.1,22.7,2024-04-19,2,83,43.07719298245615
31.9,31.9,0.0,22.0,63,12.5,32.3,2024-04-20,1,71,37.40277777777778
0.0,0.0,0.0,0.0,3,12.9,18.8,2024-04-21,1,51,21.822916666666664
2.3,2.3,0.0,3.0,61,15.7,25.3,2024-04-22,1,62,30.269230769230766
0.4,0.4,0.0,2.0,51,16.4,23.9,2024-04-23,1,49,20.097222222222225
0.0,0.0,0.0,0.0,3,20.5,26.3,2024-04-24,1,69,34.13240418118467
0.4,0.4,0.0,4.0,51,18.4,11.2,2024-04-25,1,72,35.36140350877193
1.4,1.4,0.0,7.0,51,15.7,16.3,2024-04-26,1,71,35.8448275862069
0.0,0.0,0.0,0.0,3,14.2,31.4,2024-04-27,1,71,33.02430555555556
22.6,22.6,0.0,7.0,65,14.5,25.0,2024-04-28,1,58,26.062717770034844
0.6,0.6,0.0,4.0,51,14.1,21.1,2024-04-29,1,71,33.1184668989547
0.7,0.7,0.0,6.0,51,14.7,24.1,2024-04-30,1,76,38.1958041958042
15.1,15.1,0.0,14.0,65,14.0,25.0,2024-05-01,2,44,20.76736111111111
0.4,0.4,0.0,3.0,51,13.7,16.0,2024-05-02,1,76,34.826388888888886
3.6,3.6,0.0,7.0,55,14.5,15.4,2024-05-03,1,81,37.80968858131488
1.8,1.8,0.0,8.0,53,13.9,16.8,2024-05-04,6,65,32.835087719298244
6.8,6.8,0.0,3.0,63,13.4,27.1,2024-05-05,1,58,24.566433566433567
0.0,0.0,0.0,0.0,0,12.3,10.5,2024-05-06,1,67,33.11149825783972
0.0,0.0,0.0,0.0,1,15.2,10.9,2024-05-07,1,72,35.6875
0.0,0.0,0.0,0.0,3,17.7,21.4,2024-05-08,1,72,35.3125
0.0,0.0,0.0,0.0,3,15.7,23.1,2024-05-09,1,76,36.487804878048784
19.8,19.8,0.0,12.0,63,14.9,38.4,2024-05-10,1,69,37.20833333333333
10.2,10.2,0.0,12.0,63,13.9,34.6,2024-05-11,1,71,33.9859649122807
0.1,0.1,0.0,1.0,51,13.9,19.4,2024-05-12,1,67,29.090592334494772
5.6,5.6,0.0,6.0,61,12.8,27.2,2024-05-13,1,74,33.42708333333333
0.0,0.0,0.0,0.0,3,12.2,17.3,2024-05-14,1,67,33.44097222222222
0.0,0.0,0.0,0.0,3,13.3,21.1,2024-05-15,1,72,33.84375
0.2,0.2,0.0,1.0,51,14.2,20.0,2024-05-16,1,72,33.83680555555556
4.4,4.4,0.0,7.0,61,15.4,24.5,2024-05-17,1,71,31.67816091954023
0.0,0.0,0.0,0.0,3,16.6,15.6,2024-05-18,1,67,33.75347222222222
2.3,2.3,0.0,2.0,61,15.7,26.2,2024-05-19,1,56,21.416666666666664
0.0,0.0,0.0,0.0,3,16.4,20.2,2024-05-20,1,67,30.871527777777775
0.0,0.0,0.0,0.0,3,16.7,18.4,2024-05-21,1,69,34.122807017543856
0.0,0.0,0.0,0.0,1,18.2,18.4,2024-05-22,1,71,34.77430555555556
3.6,3.6,0.0,5.0,61,16.9,20.5,2024-05-23,1,78,36.55902777777778
7.7,7.7,0.0,11.0,61,17.3,17.7,2024-05-24,8,69,37.770034843205565
0.0,0.0,0.0,0.0,3,17.7,24.5,2024-05-25,1,69,35.34859154929577
0.0,0.0,0.0,0.0,3,17.2,30.1,2024-05-26,1,54,25.354166666666664
0.7,0.7,0.0,5.0,51,16.3,19.2,2024-05-27,1,71,32.90277777777778
1.9,1.9,0.0,9.0,51,16.1,10.0,2024-05-28,1,67,33.37152777777778
0.0,0.0,0.0,0.0,3,18.1,9.9,2024-05-29,1,72,35.17894736842105
0.0,0.0,0.0,0.0,1,19.8,13.8,2024-05-30,1,74,36.74652777777778
0.0,0.0,0.0,0.0,1,21.6,12.2,2024-05-31,1,69,36.017361111111114
0.0,0.0,0.0,0.0,3,23.0,12.7,2024-06-01,1,67,34.21830985915493
0.0,0.0,0.0,0.0,3,24.6,14.3,2024-06-02,1,49,25.03135888501742
0.0,0.0,0.0,0.0,3,26.0,18.1,2024-06-03,1,71,35.751748251748246
0.0,0.0,0.0,0.0,3,26.2,13.6,2024-06-04,1,71,38.21527777777778
0.0,0.0,0.0,0.0,2,25.2,19.4,2024-06-05,1,76,39.96193771626297
0.0,0.0,0.0,0.0,3,24.1,24.2,2024-06-06,1,74,41.25
0.0,0.0,0.0,0.0,3,23.8,23.5,2024-06-07,1,72,40.43356643356643
0.0,0.0,0.0,0.0,3,23.2,25.3,2024-06-08,1,71,34.05902777777778
0.0,0.0,0.0,0.0,0,23.6,22.7,2024-06-09,1,49,24.739583333333332
0.0,0.0,0.0,0.0,2,25.0,15.5,2024-06-10,1,71,36.86013986013985
0.0,0.0,0.0,0.0,3,27.8,13.0,2024-06-11,1,74,39.5609756097561
0.0,0.0,0.0,0.0,2,27.8,21.5,2024-06-12,1,74,41.02439024390244
0.0,0.0,0.0,0.0,3,28.2,18.6,2024-06-13,1,78,42.86458333333333
9.4,9.4,0.0,7.0,63,25.3,35.8,2024-06-14,1,62,37.61672473867596
0.2,0.2,0.0,2.0,51,21.8,17.0,2024-06-15,1,35,17.354166666666664
0.0,0.0,0.0,0.0,1,22.6,19.6,2024-06-16,1,38,17.868055555555557
0.0,0.0,0.0,0.0,0,23.8,20.1,2024-06-17,1,38,18.069930069930066
0.0,0.0,0.0,0.0,0,24.1,31.1,2024-06-18,1,27,11.993055555555555
0.0,0.0,0.0,0.0,0,24.2,29.6,2024-06-19,1,27,11.442508710801391
0.0,0.0,0.0,0.0,0,24.3,27.4,2024-06-20,1,24,10.809027777777777
0.0,0.0,0.0,0.0,2,24.5,30.0,2024-06-21,1,58,11.951388888888888
0.0,0.0,0.0,0.0,1,23.5,31.7,2024-06-22,1,62,13.642361111111112
0.0,0.0,0.0,0.0,0,23.5,32.8,2024-06-23,1,26,11.086805555555555
0.0,0.0,0.0,0.0,3,23.8,25.5,2024-06-24,1,65,25.184027777777775
0.0,0.0,0.0,0.0,2,24.1,29.4,2024-06-25,1,67,31.874564459930316
0.0,0.0,0.0,0.0,1,23.6,27.6,2024-06-26,1,69,32.13937282229965
0.0,0.0,0.0,0.0,0,23.3,29.5,2024-06-27,1,67,35.05614035087719
0.0,0.0,0.0,0.0,3,23.7,34.6,2024-06-28,1,71,35.86594202898551
0.0,0.0,0.0,0.0,1,24.1,32.1,2024-06-29,1,72,34.35034013605442
0.0,0.0,0.0,0.0,0,24.8,24.3,2024-06-30,1,69,21.565972222222225
0.0,0.0,0.0,0.0,3,24.4,25.5,2024-07-01,1,69,34.87328767123288
0.0,0.0,0.0,0.0,3,26.3,16.9,2024-07-02,1,69,33.50519031141869
0.0,0.0,0.0,0.0,2,25.1,26.5,2024-07-03,1,71,34.91319444444444
5.2,5.2,0.0,8.0,63,24.0,20.2,2024-07-04,1,76,37.267361111111114
2.6,2.6,0.0,3.0,61,22.7,21.3,2024-07-05,1,71,34.61805555555556
1.0,1.0,0.0,4.0,51,23.8,32.2,2024-07-06,1,56,26.565972222222225
0.0,0.0,0.0,0.0,0,25.2,27.7,2024-07-07,1,42,21.041666666666664
0.0,0.0,0.0,0.0,1,25.7,25.9,2024-07-08,1,62,31.374125874125877
0.0,0.0,0.0,0.0,0,26.9,26.6,2024-07-09,1,69,32.27430555555556
0.0,0.0,0.0,0.0,3,27.6,27.8,2024-07-10,1,67,33.745644599303134
13.3,13.3,0.0,13.0,63,24.7,25.0,2024-07-11,1,67,34.404181184668985
3.3,3.3,0.0,7.0,55,26.1,25.5,2024-07-12,1,65,34.52083333333333
0.0,0.0,0.0,0.0,2,26.6,27.3,2024-07-13,1,47,26.75
0.0,0.0,0.0,0.0,0,26.7,23.3,2024-07-14,1,38,16.765734265734263
0.0,0.0,0.0,0.0,1,26.7,26.2,2024-07-15,1,33,17.121951219512194
0.0,0.0,0.0,0.0,3,27.6,26.9,2024-07-16,1,69,30.354166666666664
0.9,0.9,0.0,1.0,53,28.8,23.5,2024-07-17,1,67,31.20701754385965
0.0,0.0,0.0,0.0,3,28.8,24.5,2024-07-18,1,67,32.77700348432056
0.0,0.0,0.0,0.0,2,28.5,28.1,2024-07-19,1,69,33.90559440559441
0.4,0.4,0.0,4.0,51,28.3,26.5,2024-07-20,1,51,26.809027777777775
0.0,0.0,0.0,0.0,0,28.0,24.5,2024-07-21,1,42,18.864285714285717
0.0,0.0,0.0,0.0,2,28.3,22.2,2024-07-22,1,65,31.11111111111111
0.9,0.9,0.0,2.0,53,27.1,25.9,2024-07-23,1,69,32.53472222222222
0.7,0.7,0.0,2.0,53,26.4,25.8,2024-07-24,1,67,32.71232876712329
0.6,0.6,0.0,3.0,51,26.6,26.9,2024-07-25,1,71,34.11418685121107
2.5,2.5,0.0,9.0,53,23.6,26.2,2024-07-26,1,65,33.66901408450704
1.7,1.7,0.0,8.0,51,23.9,22.9,2024-07-27,1,51,28.27177700348432
0.1,0.1,0.0,1.0,51,25.6,28.9,2024-07-28,1,44,20.034843205574912
0.0,0.0,0.0,0.0,0,26.8,29.2,2024-07-29,1,67,30.698961937716263
3.3,3.3,0.0,7.0,61,25.5,31.3,2024-07-30,1,69,34.96283783783784
0.0,0.0,0.0,0.0,1,24.5,27.0,2024-07-31,1,71,32.96875
0.0,0.0,0.0,0.0,1,24.1,25.0,2024-08-01,1,69,33.33797909407665
0.0,0.0,0.0,0.0,0,24.6,22.2,2024-08-02,1,65,31.979166666666664
0.0,0.0,0.0,0.0,0,25.8,11.0,2024-08-03,1,53,26.105263157894736
0.0,0.0,0.0,0.0,2,26.6,19.5,2024-08-04,1,38,18.28125
0.2,0.2,0.0,2.0,51,24.9,23.3,2024-08-05,1,63,29.5
0.0,0.0,0.0,0.0,1,25.6,15.0,2024-08-06,1,65,29.60763888888889
0.4,0.4,0.0,2.0,51,23.8,22.3,2024-08-07,1,62,28.178571428571427
0.1,0.1,0.0,1.0,51,24.0,21.6,2024-08-08,1,65,37.62694300518135
0.1,0.1,0.0,1.0,51,25.6,23.8,2024-08-09,1,63,29.83127572016461
0.2,0.2,0.0,2.0,51,25.8,24.1,2024-08-10,1,53,31.015075376884425
0.0,0.0,0.0,0.0,0,26.3,26.6,2024-08-11,1,40,20.672727272727272
0.0,0.0,0.0,0.0,1,26.1,27.1,2024-08-12,1,63,29.003484320557487
0.0,0.0,0.0,0.0,0,26.4,26.3,2024-08-13,1,69,30.79861111111111
0.0,0.0,0.0,0.0,0,27.2,34.4,2024-08-14,1,67,30.569444444444443
0.0,0.0,0.0,0.0,0,25.9,27.8,2024-08-15,1,72,34.50349650349651
0.0,0.0,0.0,0.0,1,24.9,30.4,2024-08-16,1,67,31.807017543859647
0.0,0.0,0.0,0.0,1,25.2,29.9,2024-08-17,1,54,27.578397212543557
0.0,0.0,0.0,0.0,3,25.0,24.3,2024-08-18,1,40,20.309027777777775
1.2,1.2,0.0,5.0,53,24.5,17.7,2024-08-19,1,63,30.75261324041812
0.0,0.0,0.0,0.0,0,24.2,19.2,2024-08-20,1,65,31.54513888888889
1.3,1.3,0.0,4.0,53,24.1,18.7,2024-08-21,1,65,32.39583333333333
0.0,0.0,0.0,0.0,1,25.4,19.6,2024-08-22,1,67,32.20629370629371
0.0,0.0,0.0,0.0,0,25.7,23.4,2024-08-23,1,65,32.62717770034843
0.0,0.0,0.0,0.0,1,25.9,24.2,2024-08-24,1,53,27.574912891986063
0.0,0.0,0.0,0.0,3,25.2,26.8,2024-08-25,1,40,20.045296167247383
0.1,0.1,0.0,1.0,51,25.9,26.6,2024-08-26,1,65,29.149825783972123
1.7,1.7,0.0,4.0,61,24.8,24.1,2024-08-27,1,69,33.40559440559441
0.0,0.0,0.0,0.0,3,24.0,17.4,2024-08-28,1,67,32.15625
4.7,4.7,0.0,7.0,61,23.8,17.5,2024-08-29,1,72,35.142857142857146
3.3,3.3,0.0,9.0,53,22.9,18.7,2024-08-30,1,62,23.662020905923345
0.7,0.7,0.0,4.0,51,23.4,14.3,2024-08-31,1,51,23.555555555555557
4.6,4.6,0.0,10.0,61,23.2,17.9,2024-09-01,1,42,21.90592334494773
20.2,20.2,0.0,13.0,63,22.0,14.8,2024-09-02,1,69,31.36013986013986
1.6,1.6,0.0,10.0,51,23.6,11.0,2024-09-03,1,72,34.24390243902439
0.5,0.5,0.0,2.0,51,24.2,25.1,2024-09-04,1,72,35.13937282229965
0.0,0.0,0.0,0.0,0,23.6,16.1,2024-09-05,1,76,37.32068965517241
0.0,0.0,0.0,0.0,2,23.2,17.4,2024-09-06,1,72,36.48096885813149
1.1,1.1,0.0,5.0,51,22.6,17.8,2024-09-07,1,63,33.510416666666664
2.2,2.2,0.0,13.0,51,21.7,25.7,2024-09-08,2,47,26.602787456445995
1.7,1.7,0.0,5.0,53,22.3,18.6,2024-09-09,1,63,31.725694444444443
0.2,0.2,0.0,1.0,51,24.0,17.1,2024-09-10,1,69,33.657534246575345
0.4,0.4,0.0,2.0,51,23.6,16.4,2024-09-11,1,69,35.60481099656357
0.9,0.9,0.0,7.0,51,23.9,18.8,2024-09-12,1,72,36.266435986159166
0.0,0.0,0.0,0.0,2,24.8,13.5,2024-09-13,1,72,35.40972222222222
0.0,0.0,0.0,0.0,2,26.4,24.0,2024-09-14,1,65,34.75694444444444
4.7,4.7,0.0,7.0,63,21.9,21.8,2024-09-15,1,65,26.88888888888889
0.9,0.9,0.0,5.0,53,20.1,18.1,2024-09-16,1,72,33.52430555555556
3.1,3.1,0.0,6.0,61,20.1,20.7,2024-09-17,1,78,37.404181184668985
3.4,3.4,0.0,12.0,55,20.1,22.3,2024-09-18,1,72,34.204861111111114
0.4,0.4,0.0,3.0,51,19.9,22.5,2024-09-19,1,72,35.05902777777778
2.6,2.6,0.0,8.0,55,19.6,21.0,2024-09-20,1,74,37.0383275261324
7.0,7.0,0.0,10.0,63,19.3,22.4,2024-09-21,1,63,33.958188153310104
1.6,1.6,0.0,7.0,53,20.2,27.3,2024-09-22,1,56,25.51736111111111
1.0,1.0,0.0,5.0,51,19.1,17.3,2024-09-23,1,74,33.43402777777778
0.1,0.1,0.0,1.0,51,19.9,11.7,2024-09-24,1,72,34.22727272727273
0.0,0.0,0.0,0.0,2,20.8,18.7,2024-09-25,1,74,35.642361111111114
0.0,0.0,0.0,0.0,3,20.9,19.1,2024-09-26,1,80,36.404181184668985
0.0,0.0,0.0,0.0,3,21.2,18.7,2024-09-27,1,74,36.21180555555556
0.0,0.0,0.0,0.0,3,22.2,17.8,2024-09-28,1,71,36.04577464788732
1.8,1.8,0.0,1.0,61,22.1,15.4,2024-09-29,1,58,28.690972222222225
34.0,34.0,0.0,14.0,65,16.8,27.6,2024-09-30,4,71,38.10320284697509
